2024-12-09 18:18:30.934,1189,send
2024-12-09 18:18:31.110,1189,returned
2024-12-09 18:18:31.125,1189,send
2024-12-09 18:18:31.236,1189,returned
2024-12-09 18:18:31.252,1189,send
2024-12-09 18:18:31.332,1189,returned
2024-12-09 18:18:31.347,1189,send
2024-12-09 18:18:31.425,1189,returned
2024-12-09 18:18:31.441,1189,send
2024-12-09 18:18:31.537,1189,returned
2024-12-09 18:18:31.553,1189,send
2024-12-09 18:18:31.631,1189,returned
2024-12-09 18:18:31.648,1189,send
2024-12-09 18:18:31.805,1189,returned
2024-12-09 18:18:31.821,1189,send
2024-12-09 18:18:31.997,1189,returned
2024-12-09 18:18:32.014,1189,send
2024-12-09 18:18:32.174,1189,returned
2024-12-09 18:18:32.188,1189,send
2024-12-09 18:18:32.360,1189,returned
2024-12-09 18:18:32.375,1189,send
2024-12-09 18:18:32.553,1189,returned
2024-12-09 18:18:32.569,1189,send
2024-12-09 18:18:32.746,1189,returned
2024-12-09 18:18:32.763,1189,send
2024-12-09 18:18:32.939,1189,returned
2024-12-09 18:18:32.954,1189,send
2024-12-09 18:18:33.128,1189,returned
2024-12-09 18:18:33.144,1189,send
2024-12-09 18:18:33.318,1189,returned
2024-12-09 18:18:33.335,1189,send
2024-12-09 18:18:33.504,1189,returned
2024-12-09 18:18:33.520,1189,send
2024-12-09 18:18:33.680,1189,returned
2024-12-09 18:18:33.696,1189,send
2024-12-09 18:18:33.869,1189,returned
2024-12-09 18:18:33.885,1189,send
2024-12-09 18:18:34.045,1189,returned
2024-12-09 18:18:34.060,1189,send
2024-12-09 18:18:34.233,1189,returned
2024-12-09 18:18:34.250,1189,send
2024-12-09 18:18:34.428,1189,returned
2024-12-09 18:18:34.443,1189,send
2024-12-09 18:18:34.620,1189,returned
2024-12-09 18:18:34.636,1189,send
2024-12-09 18:18:34.807,1189,returned
2024-12-09 18:18:34.822,1189,send
2024-12-09 18:18:34.997,1189,returned
2024-12-09 18:18:35.014,1189,send
2024-12-09 18:18:35.189,1189,returned
2024-12-09 18:18:35.205,1189,send
2024-12-09 18:18:35.365,1189,returned
2024-12-09 18:18:35.381,1189,send
2024-12-09 18:18:35.541,1189,returned
2024-12-09 18:18:35.557,1189,send
2024-12-09 18:18:35.732,1189,returned
2024-12-09 18:18:35.748,1189,send
2024-12-09 18:18:35.908,1189,returned
2024-12-09 18:18:35.924,1189,send
2024-12-09 18:18:36.080,1189,returned
2024-12-09 18:18:36.096,1189,send
2024-12-09 18:18:36.255,1189,returned
2024-12-09 18:18:36.272,1189,send
2024-12-09 18:18:36.443,1189,returned
2024-12-09 18:18:36.459,1189,send
2024-12-09 18:18:36.631,1189,returned
2024-12-09 18:18:36.647,1189,send
2024-12-09 18:18:36.822,1189,returned
2024-12-09 18:18:36.838,1189,send
2024-12-09 18:18:37.013,1189,returned
2024-12-09 18:18:37.029,1189,send
2024-12-09 18:18:37.187,1189,returned
2024-12-09 18:18:37.202,1189,send
2024-12-09 18:18:37.346,1189,returned
2024-12-09 18:18:37.361,1189,send
2024-12-09 18:18:37.539,1189,returned
2024-12-09 18:18:37.555,1189,send
2024-12-09 18:18:37.712,1189,returned
2024-12-09 18:18:37.727,1189,send
2024-12-09 18:18:37.903,1189,returned
2024-12-09 18:18:37.920,1189,send
2024-12-09 18:18:38.063,1189,returned
2024-12-09 18:18:38.079,1189,send
2024-12-09 18:18:38.253,1189,returned
2024-12-09 18:18:38.269,1189,send
2024-12-09 18:18:38.444,1189,returned
2024-12-09 18:18:38.464,1189,send
2024-12-09 18:18:38.618,1189,returned
2024-12-09 18:18:38.634,1189,send
2024-12-09 18:18:38.807,1189,returned
2024-12-09 18:18:38.823,1189,send
2024-12-09 18:18:38.982,1189,returned
2024-12-09 18:18:38.998,1189,send
2024-12-09 18:18:39.170,1189,returned
2024-12-09 18:18:39.188,1189,send
2024-12-09 18:18:39.360,1189,returned
2024-12-09 18:18:39.375,1189,send
2024-12-09 18:18:39.550,1189,returned
2024-12-09 18:18:39.565,1189,send
2024-12-09 18:18:39.737,1189,returned
2024-12-09 18:18:39.754,1189,send
2024-12-09 18:18:39.911,1189,returned
2024-12-09 18:18:39.927,1189,send
2024-12-09 18:18:40.101,1189,returned
2024-12-09 18:18:40.116,1189,send
2024-12-09 18:18:40.288,1189,returned
2024-12-09 18:18:40.305,1189,send
2024-12-09 18:18:40.478,1189,returned
2024-12-09 18:18:40.496,1189,send
2024-12-09 18:18:40.655,1189,returned
2024-12-09 18:18:40.668,1189,send
2024-12-09 18:18:40.844,1189,returned
2024-12-09 18:18:40.858,1189,send
2024-12-09 18:18:41.034,1189,returned
2024-12-09 18:18:41.050,1189,send
2024-12-09 18:18:41.226,1189,returned
2024-12-09 18:18:41.241,1189,send
2024-12-09 18:18:41.419,1189,returned
2024-12-09 18:18:41.435,1189,send
2024-12-09 18:18:41.615,1189,returned
2024-12-09 18:18:41.633,1189,send
2024-12-09 18:18:41.804,1189,returned
2024-12-09 18:18:41.821,1189,send
2024-12-09 18:18:42.017,1189,returned
2024-12-09 18:18:42.031,1189,send
2024-12-09 18:18:42.205,1189,returned
2024-12-09 18:18:42.230,1189,send
2024-12-09 18:18:42.395,1189,returned
2024-12-09 18:18:42.401,1189,send
2024-12-09 18:18:42.568,1189,returned
2024-12-09 18:18:42.581,1189,send
2024-12-09 18:18:42.737,1189,returned
2024-12-09 18:18:42.754,1189,send
2024-12-09 18:18:42.881,1189,returned
2024-12-09 18:18:42.896,1189,send
2024-12-09 18:18:43.071,1189,returned
2024-12-09 18:18:43.080,1189,send
2024-12-09 18:18:43.237,1189,returned
2024-12-09 18:18:43.253,1189,send
2024-12-09 18:18:43.388,1189,returned
2024-12-09 18:18:43.406,1189,send
2024-12-09 18:18:43.531,1189,returned
2024-12-09 18:18:43.545,1189,send
2024-12-09 18:18:43.723,1189,returned
2024-12-09 18:18:43.739,1189,send
2024-12-09 18:18:43.894,1189,returned
2024-12-09 18:18:43.904,1189,send
2024-12-09 18:18:44.049,1189,returned
2024-12-09 18:18:44.065,1189,send
2024-12-09 18:18:44.233,1189,returned
2024-12-09 18:18:44.244,1189,send
2024-12-09 18:18:44.542,1189,returned
2024-12-09 18:18:44.549,1189,send
2024-12-09 18:18:44.740,1189,returned
2024-12-09 18:18:44.755,1189,send
2024-12-09 18:18:45.017,1189,returned
2024-12-09 18:18:45.031,1189,send
2024-12-09 18:18:45.204,1189,returned
2024-12-09 18:18:45.225,1189,send
2024-12-09 18:18:45.497,1189,returned
2024-12-09 18:18:45.513,1189,send
2024-12-09 18:18:45.697,1189,returned
2024-12-09 18:18:45.714,1189,send
2024-12-09 18:18:45.990,1189,returned
2024-12-09 18:18:46.008,1189,send
2024-12-09 18:18:46.210,1189,returned
2024-12-09 18:18:46.226,1189,send
2024-12-09 18:18:46.459,1189,returned
2024-12-09 18:18:46.486,1189,send
2024-12-09 18:18:46.771,1189,returned
2024-12-09 18:18:46.784,1189,send
2024-12-09 18:18:47.021,1189,returned
2024-12-09 18:18:47.038,1189,send
2024-12-09 18:18:47.165,1189,returned
2024-12-09 18:18:47.181,1189,send
2024-12-09 18:18:47.329,1189,returned
2024-12-09 18:18:47.339,1189,send
2024-12-09 18:18:47.566,1189,returned
2024-12-09 18:18:47.590,1189,send
2024-12-09 18:18:47.761,1189,returned
2024-12-09 18:18:47.786,1189,send
2024-12-09 18:18:47.927,1189,returned
2024-12-09 18:18:47.940,1189,send
2024-12-09 18:18:48.119,1189,returned
2024-12-09 18:18:48.135,1189,send
2024-12-09 18:18:48.270,1189,returned
2024-12-09 18:18:48.291,1189,send
2024-12-09 18:18:48.442,1189,returned
2024-12-09 18:18:48.466,1189,send
2024-12-09 18:18:48.560,1189,returned
2024-12-09 18:18:48.583,1189,send
2024-12-09 18:18:48.689,1189,returned
2024-12-09 18:18:48.709,1189,send
2024-12-09 18:18:48.849,1189,returned
2024-12-09 18:18:48.864,1189,send
2024-12-09 18:18:49.009,1189,returned
2024-12-09 18:18:49.022,1189,send
2024-12-09 18:18:49.192,1189,returned
2024-12-09 18:18:49.212,1189,send
2024-12-09 18:18:49.352,1189,returned
2024-12-09 18:18:49.372,1189,send
2024-12-09 18:18:49.497,1189,returned
2024-12-09 18:18:49.519,1189,send
2024-12-09 18:18:49.692,1189,returned
2024-12-09 18:18:49.711,1189,send
2024-12-09 18:18:49.880,1189,returned
2024-12-09 18:18:49.896,1189,send
2024-12-09 18:18:50.078,1189,returned
2024-12-09 18:18:50.093,1189,send
2024-12-09 18:18:50.272,1189,returned
2024-12-09 18:18:50.289,1189,send
2024-12-09 18:18:50.445,1189,returned
2024-12-09 18:18:50.455,1189,send
2024-12-09 18:18:50.653,1189,returned
2024-12-09 18:18:50.662,1189,send
2024-12-09 18:18:50.812,1189,returned
2024-12-09 18:18:50.832,1189,send
2024-12-09 18:18:50.949,1189,returned
2024-12-09 18:18:50.964,1189,send
2024-12-09 18:18:51.102,1189,returned
2024-12-09 18:18:51.124,1189,send
2024-12-09 18:18:51.242,1189,returned
2024-12-09 18:18:51.258,1189,send
2024-12-09 18:18:51.384,1189,returned
2024-12-09 18:18:51.391,1189,send
2024-12-09 18:18:51.563,1189,returned
2024-12-09 18:18:51.573,1189,send
2024-12-09 18:18:51.752,1189,returned
2024-12-09 18:18:51.773,1189,send
2024-12-09 18:18:51.898,1189,returned
2024-12-09 18:18:51.914,1189,send
2024-12-09 18:18:52.073,1189,returned
2024-12-09 18:18:52.092,1189,send
2024-12-09 18:18:52.236,1189,returned
2024-12-09 18:18:52.252,1189,send
2024-12-09 18:18:52.456,1189,returned
2024-12-09 18:18:52.463,1189,send
2024-12-09 18:18:52.608,1189,returned
2024-12-09 18:18:52.622,1189,send
2024-12-09 18:18:52.783,1189,returned
2024-12-09 18:18:52.809,1189,send
2024-12-09 18:18:52.912,1189,returned
2024-12-09 18:18:52.930,1189,send
2024-12-09 18:18:53.074,1189,returned
2024-12-09 18:18:53.089,1189,send
2024-12-09 18:18:53.236,1189,returned
2024-12-09 18:18:53.252,1189,send
2024-12-09 18:18:53.379,1189,returned
2024-12-09 18:18:53.392,1189,send
2024-12-09 18:18:53.568,1189,returned
2024-12-09 18:18:53.585,1189,send
2024-12-09 18:18:53.770,1189,returned
2024-12-09 18:18:53.777,1189,send
2024-12-09 18:18:53.923,1189,returned
2024-12-09 18:18:53.943,1189,send
2024-12-09 18:18:54.096,1189,returned
2024-12-09 18:18:54.115,1189,send
2024-12-09 18:18:54.273,1189,returned
2024-12-09 18:18:54.290,1189,send
2024-12-09 18:18:54.439,1189,returned
2024-12-09 18:18:54.457,1189,send
2024-12-09 18:18:54.579,1189,returned
2024-12-09 18:18:54.590,1189,send
2024-12-09 18:18:54.758,1189,returned
2024-12-09 18:18:54.773,1189,send
2024-12-09 18:18:54.922,1189,returned
2024-12-09 18:18:54.932,1189,send
2024-12-09 18:18:55.130,1189,returned
2024-12-09 18:18:55.143,1189,send
2024-12-09 18:18:55.324,1189,returned
2024-12-09 18:18:55.341,1189,send
2024-12-09 18:18:55.484,1189,returned
2024-12-09 18:18:55.498,1189,send
2024-12-09 18:18:55.628,1189,returned
2024-12-09 18:18:55.645,1189,send
2024-12-09 18:18:55.816,1189,returned
2024-12-09 18:18:55.824,1189,send
2024-12-09 18:18:56.021,1189,returned
2024-12-09 18:18:56.032,1189,send
2024-12-09 18:18:56.176,1189,returned
2024-12-09 18:18:56.194,1189,send
2024-12-09 18:18:56.323,1189,returned
2024-12-09 18:18:56.337,1189,send
2024-12-09 18:18:56.470,1189,returned
2024-12-09 18:18:56.493,1189,send
2024-12-09 18:18:56.676,1189,returned
2024-12-09 18:18:56.685,1189,send
2024-12-09 18:18:56.855,1189,returned
2024-12-09 18:18:56.870,1189,send
2024-12-09 18:18:57.063,1189,returned
2024-12-09 18:18:57.081,1189,send
2024-12-09 18:18:57.238,1189,returned
2024-12-09 18:18:57.255,1189,send
2024-12-09 18:18:57.471,1189,returned
2024-12-09 18:18:57.493,1189,send
2024-12-09 18:18:57.647,1189,returned
2024-12-09 18:18:57.662,1189,send
2024-12-09 18:18:57.859,1189,returned
2024-12-09 18:18:57.872,1189,send
2024-12-09 18:18:58.038,1189,returned
2024-12-09 18:18:58.059,1189,send
2024-12-09 18:18:58.204,1189,returned
2024-12-09 18:18:58.225,1189,send
2024-12-09 18:18:58.426,1189,returned
2024-12-09 18:18:58.442,1189,send
2024-12-09 18:18:58.572,1189,returned
2024-12-09 18:18:58.590,1189,send
2024-12-09 18:18:58.776,1189,returned
2024-12-09 18:18:58.783,1189,send
2024-12-09 18:18:58.992,1189,returned
2024-12-09 18:18:59.008,1189,send
2024-12-09 18:18:59.193,1189,returned
2024-12-09 18:18:59.208,1189,send
2024-12-09 18:18:59.382,1189,returned
2024-12-09 18:18:59.396,1189,send
2024-12-09 18:18:59.544,1189,returned
2024-12-09 18:18:59.567,1189,send
2024-12-09 18:18:59.752,1189,returned
2024-12-09 18:18:59.775,1189,send
2024-12-09 18:18:59.918,1189,returned
2024-12-09 18:18:59.937,1189,send
2024-12-09 18:19:00.093,1189,returned
2024-12-09 18:19:00.105,1189,send
2024-12-09 18:19:00.285,1189,returned
2024-12-09 18:19:00.304,1189,send
2024-12-09 18:19:00.477,1189,returned
2024-12-09 18:19:00.500,1189,send
2024-12-09 18:19:00.675,1189,returned
2024-12-09 18:19:00.691,1189,send
2024-12-09 18:19:00.855,1189,returned
2024-12-09 18:19:00.873,1189,send
2024-12-09 18:19:01.051,1189,returned
2024-12-09 18:19:01.063,1189,send
2024-12-09 18:19:01.270,1189,returned
2024-12-09 18:19:01.283,1189,send
2024-12-09 18:19:01.480,1189,returned
2024-12-09 18:19:01.496,1189,send
2024-12-09 18:19:01.663,1189,returned
2024-12-09 18:19:01.695,1189,send
2024-12-09 18:19:01.887,1189,returned
2024-12-09 18:19:01.901,1189,send
2024-12-09 18:19:02.087,1189,returned
2024-12-09 18:19:02.112,1189,send
2024-12-09 18:19:02.321,1189,returned
2024-12-09 18:19:02.339,1189,send
2024-12-09 18:19:02.463,1189,returned
2024-12-09 18:19:02.477,1189,send
2024-12-09 18:19:02.659,1189,returned
2024-12-09 18:19:02.669,1189,send
2024-12-09 18:19:02.807,1189,returned
2024-12-09 18:19:02.822,1189,send
2024-12-09 18:19:03.065,1189,returned
2024-12-09 18:19:03.084,1189,send
2024-12-09 18:19:03.290,1189,returned
2024-12-09 18:19:03.315,1189,send
2024-12-09 18:19:03.448,1189,returned
2024-12-09 18:19:03.465,1189,send
2024-12-09 18:19:03.633,1189,returned
2024-12-09 18:19:03.648,1189,send
2024-12-09 18:19:03.860,1189,returned
2024-12-09 18:19:03.872,1189,send
2024-12-09 18:19:04.076,1189,returned
2024-12-09 18:19:04.086,1189,send
2024-12-09 18:19:04.246,1189,returned
2024-12-09 18:19:04.260,1189,send
2024-12-09 18:19:04.467,1189,returned
2024-12-09 18:19:04.487,1189,send
2024-12-09 18:19:04.713,1189,returned
2024-12-09 18:19:04.728,1189,send
2024-12-09 18:19:04.930,1189,returned
2024-12-09 18:19:04.944,1189,send
2024-12-09 18:19:05.207,1189,returned
2024-12-09 18:19:05.231,1189,send
2024-12-09 18:19:05.429,1189,returned
2024-12-09 18:19:05.444,1189,send
2024-12-09 18:19:05.584,1189,returned
2024-12-09 18:19:05.601,1189,send
2024-12-09 18:19:05.800,1189,returned
2024-12-09 18:19:05.819,1189,send
2024-12-09 18:19:06.032,1189,returned
2024-12-09 18:19:06.042,1189,send
2024-12-09 18:19:06.206,1189,returned
2024-12-09 18:19:06.219,1189,send
2024-12-09 18:19:06.412,1189,returned
2024-12-09 18:19:06.431,1189,send
2024-12-09 18:19:06.632,1189,returned
2024-12-09 18:19:06.649,1189,send
2024-12-09 18:19:06.804,1189,returned
2024-12-09 18:19:06.820,1189,send
2024-12-09 18:19:07.009,1189,returned
2024-12-09 18:19:07.016,1189,send
2024-12-09 18:19:07.243,1189,returned
2024-12-09 18:19:07.261,1189,send
2024-12-09 18:19:07.458,1189,returned
2024-12-09 18:19:07.475,1189,send
2024-12-09 18:19:07.651,1189,returned
2024-12-09 18:19:07.665,1189,send
2024-12-09 18:19:07.803,1189,returned
2024-12-09 18:19:07.823,1189,send
2024-12-09 18:19:07.995,1189,returned
2024-12-09 18:19:08.012,1189,send
2024-12-09 18:19:08.163,1189,returned
2024-12-09 18:19:08.173,1189,send
2024-12-09 18:19:08.353,1189,returned
2024-12-09 18:19:08.375,1189,send
2024-12-09 18:19:08.514,1189,returned
2024-12-09 18:19:08.535,1189,send
2024-12-09 18:19:08.720,1189,returned
2024-12-09 18:19:08.744,1189,send
2024-12-09 18:19:08.900,1189,returned
2024-12-09 18:19:08.918,1189,send
2024-12-09 18:19:09.086,1189,returned
2024-12-09 18:19:09.105,1189,send
2024-12-09 18:19:09.242,1189,returned
2024-12-09 18:19:09.254,1189,send
2024-12-09 18:19:09.473,1189,returned
2024-12-09 18:19:09.485,1189,send
2024-12-09 18:19:09.682,1189,returned
2024-12-09 18:19:09.690,1189,send
2024-12-09 18:19:09.923,1189,returned
2024-12-09 18:19:09.937,1189,send
2024-12-09 18:19:10.203,1189,returned
2024-12-09 18:19:10.215,1189,send
2024-12-09 18:19:10.371,1189,returned
2024-12-09 18:19:10.381,1189,send
2024-12-09 18:19:10.549,1189,returned
2024-12-09 18:19:10.562,1189,send
2024-12-09 18:19:10.773,1189,returned
2024-12-09 18:19:10.788,1189,send
2024-12-09 18:19:10.946,1189,returned
2024-12-09 18:19:10.969,1189,send
2024-12-09 18:19:11.134,1189,returned
2024-12-09 18:19:11.149,1189,send
2024-12-09 18:19:11.345,1189,returned
2024-12-09 18:19:11.363,1189,send
2024-12-09 18:19:11.507,1189,returned
2024-12-09 18:19:11.523,1189,send
2024-12-09 18:19:11.719,1189,returned
2024-12-09 18:19:11.726,1189,send
2024-12-09 18:19:11.949,1189,returned
2024-12-09 18:19:11.969,1189,send
2024-12-09 18:19:12.150,1189,returned
2024-12-09 18:19:12.164,1189,send
2024-12-09 18:19:12.349,1189,returned
2024-12-09 18:19:12.376,1189,send
2024-12-09 18:19:12.547,1189,returned
2024-12-09 18:19:12.565,1189,send
2024-12-09 18:19:12.748,1189,returned
2024-12-09 18:19:12.757,1189,send
2024-12-09 18:19:12.906,1189,returned
2024-12-09 18:19:12.925,1189,send
2024-12-09 18:19:13.085,1189,returned
2024-12-09 18:19:13.094,1189,send
2024-12-09 18:19:13.254,1189,returned
2024-12-09 18:19:13.266,1189,send
2024-12-09 18:19:13.439,1189,returned
2024-12-09 18:19:13.453,1189,send
2024-12-09 18:19:13.610,1189,returned
2024-12-09 18:19:13.620,1189,send
2024-12-09 18:19:13.796,1189,returned
2024-12-09 18:19:13.810,1189,send
2024-12-09 18:19:13.959,1189,returned
2024-12-09 18:19:13.975,1189,send
2024-12-09 18:19:14.140,1189,returned
2024-12-09 18:19:14.160,1189,send
2024-12-09 18:19:14.319,1189,returned
2024-12-09 18:19:14.335,1189,send
2024-12-09 18:19:14.482,1189,returned
2024-12-09 18:19:14.494,1189,send
2024-12-09 18:19:14.641,1189,returned
2024-12-09 18:19:14.660,1189,send
2024-12-09 18:19:14.814,1189,returned
2024-12-09 18:19:14.828,1189,send
2024-12-09 18:19:14.956,1189,returned
2024-12-09 18:19:14.972,1189,send
2024-12-09 18:19:15.128,1189,returned
2024-12-09 18:19:15.145,1189,send
2024-12-09 18:19:15.322,1189,returned
2024-12-09 18:19:15.336,1189,send
2024-12-09 18:19:15.498,1189,returned
2024-12-09 18:19:15.510,1189,send
2024-12-09 18:19:15.685,1189,returned
2024-12-09 18:19:15.701,1189,send
2024-12-09 18:19:15.875,1189,returned
2024-12-09 18:19:15.891,1189,send
2024-12-09 18:19:16.021,1189,returned
2024-12-09 18:19:16.034,1189,send
2024-12-09 18:19:16.212,1189,returned
2024-12-09 18:19:16.227,1189,send
2024-12-09 18:19:16.413,1189,returned
2024-12-09 18:19:16.424,1189,send
2024-12-09 18:19:16.564,1189,returned
2024-12-09 18:19:16.580,1189,send
2024-12-09 18:19:16.740,1189,returned
2024-12-09 18:19:16.755,1189,send
2024-12-09 18:19:16.899,1189,returned
2024-12-09 18:19:16.916,1189,send
2024-12-09 18:19:17.049,1189,returned
2024-12-09 18:19:17.061,1189,send
2024-12-09 18:19:17.253,1189,returned
2024-12-09 18:19:17.270,1189,send
2024-12-09 18:19:17.441,1189,returned
2024-12-09 18:19:17.457,1189,send
2024-12-09 18:19:17.630,1189,returned
2024-12-09 18:19:17.648,1189,send
2024-12-09 18:19:17.822,1189,returned
2024-12-09 18:19:17.840,1189,send
2024-12-09 18:19:18.012,1189,returned
2024-12-09 18:19:18.028,1189,send
2024-12-09 18:19:18.170,1189,returned
2024-12-09 18:19:18.192,1189,send
2024-12-09 18:19:18.335,1189,returned
2024-12-09 18:19:18.345,1189,send
2024-12-09 18:19:18.523,1189,returned
2024-12-09 18:19:18.538,1189,send
2024-12-09 18:19:18.695,1189,returned
2024-12-09 18:19:18.713,1189,send
2024-12-09 18:19:18.857,1189,returned
2024-12-09 18:19:18.873,1189,send
2024-12-09 18:19:19.018,1189,returned
2024-12-09 18:19:19.034,1189,send
2024-12-09 18:19:19.176,1189,returned
2024-12-09 18:19:19.201,1189,send
2024-12-09 18:19:19.335,1189,returned
2024-12-09 18:19:19.350,1189,send
2024-12-09 18:19:19.508,1189,returned
2024-12-09 18:19:19.526,1189,send
2024-12-09 18:19:19.672,1189,returned
2024-12-09 18:19:19.691,1189,send
2024-12-09 18:19:19.857,1189,returned
2024-12-09 18:19:19.872,1189,send
2024-12-09 18:19:20.048,1189,returned
2024-12-09 18:19:20.067,1189,send
2024-12-09 18:19:20.235,1189,returned
2024-12-09 18:19:20.251,1189,send
2024-12-09 18:19:20.396,1189,returned
2024-12-09 18:19:20.411,1189,send
2024-12-09 18:19:20.542,1189,returned
2024-12-09 18:19:20.559,1189,send
2024-12-09 18:19:20.722,1189,returned
2024-12-09 18:19:20.741,1189,send
2024-12-09 18:19:20.875,1189,returned
2024-12-09 18:19:20.892,1189,send
2024-12-09 18:19:21.072,1189,returned
2024-12-09 18:19:21.089,1189,send
2024-12-09 18:19:21.244,1189,returned
2024-12-09 18:19:21.260,1189,send
2024-12-09 18:19:21.426,1189,returned
2024-12-09 18:19:21.439,1189,send
2024-12-09 18:19:21.625,1189,returned
2024-12-09 18:19:21.641,1189,send
2024-12-09 18:19:21.813,1189,returned
2024-12-09 18:19:21.829,1189,send
2024-12-09 18:19:21.987,1189,returned
2024-12-09 18:19:22.002,1189,send
2024-12-09 18:19:22.136,1189,returned
2024-12-09 18:19:22.150,1189,send
2024-12-09 18:19:22.308,1189,returned
2024-12-09 18:19:22.325,1189,send
2024-12-09 18:19:22.502,1189,returned
2024-12-09 18:19:22.517,1189,send
2024-12-09 18:19:22.691,1189,returned
2024-12-09 18:19:22.707,1189,send
2024-12-09 18:19:22.849,1189,returned
2024-12-09 18:19:22.865,1189,send
2024-12-09 18:19:23.046,1189,returned
2024-12-09 18:19:23.062,1189,send
2024-12-09 18:19:23.218,1189,returned
2024-12-09 18:19:23.234,1189,send
2024-12-09 18:19:23.351,1189,returned
2024-12-09 18:19:23.366,1189,send
2024-12-09 18:19:23.525,1189,returned
2024-12-09 18:19:23.541,1189,send
2024-12-09 18:19:23.716,1189,returned
2024-12-09 18:19:23.731,1189,send
2024-12-09 18:19:23.890,1189,returned
2024-12-09 18:19:23.906,1189,send
2024-12-09 18:19:24.063,1189,returned
2024-12-09 18:19:24.080,1189,send
2024-12-09 18:19:24.260,1189,returned
2024-12-09 18:19:24.278,1189,send
2024-12-09 18:19:24.418,1189,returned
2024-12-09 18:19:24.432,1189,send
2024-12-09 18:19:24.575,1189,returned
2024-12-09 18:19:24.590,1189,send
2024-12-09 18:19:24.736,1189,returned
2024-12-09 18:19:24.751,1189,send
2024-12-09 18:19:24.923,1189,returned
2024-12-09 18:19:24.938,1189,send
2024-12-09 18:19:25.100,1189,returned
2024-12-09 18:19:25.126,1189,send
2024-12-09 18:19:25.284,1189,returned
2024-12-09 18:19:25.300,1189,send
2024-12-09 18:19:25.440,1189,returned
2024-12-09 18:19:25.456,1189,send
2024-12-09 18:19:25.590,1189,returned
2024-12-09 18:19:25.601,1189,send
2024-12-09 18:19:25.777,1189,returned
2024-12-09 18:19:25.791,1189,send
2024-12-09 18:19:25.951,1189,returned
2024-12-09 18:19:25.966,1189,send
2024-12-09 18:19:26.138,1189,returned
2024-12-09 18:19:26.155,1189,send
2024-12-09 18:19:26.330,1189,returned
2024-12-09 18:19:26.346,1189,send
2024-12-09 18:19:26.505,1189,returned
2024-12-09 18:19:26.520,1189,send
2024-12-09 18:19:26.697,1189,returned
2024-12-09 18:19:26.712,1189,send
2024-12-09 18:19:26.888,1189,returned
2024-12-09 18:19:26.904,1189,send
2024-12-09 18:19:27.078,1189,returned
2024-12-09 18:19:27.094,1189,send
2024-12-09 18:19:27.252,1189,returned
2024-12-09 18:19:27.268,1189,send
2024-12-09 18:19:27.412,1189,returned
2024-12-09 18:19:27.429,1189,send
2024-12-09 18:19:27.575,1189,returned
2024-12-09 18:19:27.593,1189,send
2024-12-09 18:19:27.765,1189,returned
2024-12-09 18:19:27.778,1189,send
2024-12-09 18:19:27.954,1189,returned
2024-12-09 18:19:27.970,1189,send
2024-12-09 18:19:28.144,1189,returned
2024-12-09 18:19:28.162,1189,send
2024-12-09 18:19:28.322,1189,returned
2024-12-09 18:19:28.337,1189,send
2024-12-09 18:19:28.497,1189,returned
2024-12-09 18:19:28.510,1189,send
2024-12-09 18:19:28.668,1189,returned
2024-12-09 18:19:28.688,1189,send
2024-12-09 18:19:28.843,1189,returned
2024-12-09 18:19:28.860,1189,send
2024-12-09 18:19:29.029,1189,returned
2024-12-09 18:19:29.045,1189,send
2024-12-09 18:19:29.174,1189,returned
2024-12-09 18:19:29.189,1189,send
2024-12-09 18:19:29.335,1189,returned
2024-12-09 18:19:29.349,1189,send
2024-12-09 18:19:29.524,1189,returned
2024-12-09 18:19:29.540,1189,send
2024-12-09 18:19:29.714,1189,returned
2024-12-09 18:19:29.730,1189,send
2024-12-09 18:19:29.906,1189,returned
2024-12-09 18:19:29.921,1189,send
2024-12-09 18:19:30.098,1189,returned
2024-12-09 18:19:30.113,1189,send
2024-12-09 18:19:30.288,1189,returned
2024-12-09 18:19:30.306,1189,send
2024-12-09 18:19:30.478,1189,returned
2024-12-09 18:19:30.491,1189,send
2024-12-09 18:19:30.667,1189,returned
2024-12-09 18:19:30.683,1189,send
2024-12-09 18:19:30.859,1189,returned
2024-12-09 18:19:30.870,1189,send
2024-12-09 18:19:31.028,1189,returned
2024-12-09 18:19:31.044,1189,send
2024-12-09 18:19:31.222,1189,returned
2024-12-09 18:19:31.238,1189,send
2024-12-09 18:19:31.418,1189,returned
2024-12-09 18:19:31.432,1189,send
2024-12-09 18:19:31.594,1189,returned
2024-12-09 18:19:31.610,1189,send
2024-12-09 18:19:31.785,1189,returned
2024-12-09 18:19:31.802,1189,send
2024-12-09 18:19:31.975,1189,returned
2024-12-09 18:19:31.990,1189,send
2024-12-09 18:19:32.165,1189,returned
2024-12-09 18:19:32.181,1189,send
2024-12-09 18:19:32.329,1189,returned
2024-12-09 18:19:32.343,1189,send
2024-12-09 18:19:32.505,1189,returned
2024-12-09 18:19:32.519,1189,send
2024-12-09 18:19:32.650,1189,returned
2024-12-09 18:19:32.667,1189,send
2024-12-09 18:19:32.808,1189,returned
2024-12-09 18:19:32.822,1189,send
2024-12-09 18:19:32.988,1189,returned
2024-12-09 18:19:33.000,1189,send
2024-12-09 18:19:33.159,1189,returned
2024-12-09 18:19:33.179,1189,send
2024-12-09 18:19:33.321,1189,returned
2024-12-09 18:19:33.335,1189,send
2024-12-09 18:19:33.497,1189,returned
2024-12-09 18:19:33.512,1189,send
2024-12-09 18:19:33.689,1189,returned
2024-12-09 18:19:33.706,1189,send
2024-12-09 18:19:33.868,1189,returned
2024-12-09 18:19:33.882,1189,send
2024-12-09 18:19:34.027,1189,returned
2024-12-09 18:19:34.042,1189,send
2024-12-09 18:19:34.189,1189,returned
2024-12-09 18:19:34.204,1189,send
2024-12-09 18:19:34.363,1189,returned
2024-12-09 18:19:34.379,1189,send
2024-12-09 18:19:34.507,1189,returned
2024-12-09 18:19:34.522,1189,send
2024-12-09 18:19:34.680,1189,returned
2024-12-09 18:19:34.696,1189,send
2024-12-09 18:19:34.840,1189,returned
2024-12-09 18:19:34.855,1189,send
2024-12-09 18:19:35.001,1189,returned
2024-12-09 18:19:35.012,1189,send
2024-12-09 18:19:35.203,1189,returned
2024-12-09 18:19:35.220,1189,send
2024-12-09 18:19:35.380,1189,returned
2024-12-09 18:19:35.398,1189,send
2024-12-09 18:19:35.588,1189,returned
2024-12-09 18:19:35.605,1189,send
2024-12-09 18:19:35.736,1189,returned
2024-12-09 18:19:35.753,1189,send
2024-12-09 18:19:35.929,1189,returned
2024-12-09 18:19:35.949,1189,send
2024-12-09 18:19:36.102,1189,returned
2024-12-09 18:19:36.112,1189,send
2024-12-09 18:19:36.287,1189,returned
2024-12-09 18:19:36.302,1189,send
2024-12-09 18:19:36.465,1189,returned
2024-12-09 18:19:36.478,1189,send
2024-12-09 18:19:36.671,1189,returned
2024-12-09 18:19:36.688,1189,send
2024-12-09 18:19:36.864,1189,returned
2024-12-09 18:19:36.879,1189,send
2024-12-09 18:19:37.076,1189,returned
2024-12-09 18:19:37.093,1189,send
2024-12-09 18:19:37.222,1189,returned
2024-12-09 18:19:37.237,1189,send
2024-12-09 18:19:37.411,1189,returned
2024-12-09 18:19:37.424,1189,send
2024-12-09 18:19:37.590,1189,returned
2024-12-09 18:19:37.604,1189,send
2024-12-09 18:19:37.782,1189,returned
2024-12-09 18:19:37.791,1189,send
2024-12-09 18:19:37.974,1189,returned
2024-12-09 18:19:37.980,1189,send
2024-12-09 18:19:38.186,1189,returned
2024-12-09 18:19:38.203,1189,send
2024-12-09 18:19:38.360,1189,returned
2024-12-09 18:19:38.376,1189,send
2024-12-09 18:19:38.541,1189,returned
2024-12-09 18:19:38.563,1189,send
2024-12-09 18:19:38.733,1189,returned
2024-12-09 18:19:38.749,1189,send
2024-12-09 18:19:38.908,1189,returned
2024-12-09 18:19:38.924,1189,send
2024-12-09 18:19:39.102,1189,returned
2024-12-09 18:19:39.120,1189,send
2024-12-09 18:19:39.309,1189,returned
2024-12-09 18:19:39.324,1189,send
2024-12-09 18:19:39.439,1189,returned
2024-12-09 18:19:39.455,1189,send
2024-12-09 18:19:39.650,1189,returned
2024-12-09 18:19:39.661,1189,send
2024-12-09 18:19:39.844,1189,returned
2024-12-09 18:19:39.860,1189,send
2024-12-09 18:19:40.041,1189,returned
2024-12-09 18:19:40.052,1189,send
2024-12-09 18:19:40.306,1189,returned
2024-12-09 18:19:40.320,1189,send
2024-12-09 18:19:40.518,1189,returned
2024-12-09 18:19:40.537,1189,send
2024-12-09 18:19:40.682,1189,returned
2024-12-09 18:19:40.695,1189,send
2024-12-09 18:19:40.900,1189,returned
2024-12-09 18:19:40.911,1189,send
2024-12-09 18:19:41.075,1189,returned
2024-12-09 18:19:41.090,1189,send
2024-12-09 18:19:41.250,1189,returned
2024-12-09 18:19:41.275,1189,send
2024-12-09 18:19:41.457,1189,returned
2024-12-09 18:19:41.477,1189,send
2024-12-09 18:19:41.665,1189,returned
2024-12-09 18:19:41.671,1189,send
2024-12-09 18:19:41.863,1189,returned
2024-12-09 18:19:41.878,1189,send
2024-12-09 18:19:42.054,1189,returned
2024-12-09 18:19:42.067,1189,send
2024-12-09 18:19:42.257,1189,returned
2024-12-09 18:19:42.274,1189,send
2024-12-09 18:19:42.439,1189,returned
2024-12-09 18:19:42.455,1189,send
2024-12-09 18:19:42.637,1189,returned
2024-12-09 18:19:42.648,1189,send
2024-12-09 18:19:42.818,1189,returned
2024-12-09 18:19:42.832,1189,send
2024-12-09 18:19:42.973,1189,returned
2024-12-09 18:19:42.980,1189,send
2024-12-09 18:19:43.192,1189,returned
2024-12-09 18:19:43.215,1189,send
2024-12-09 18:19:43.397,1189,returned
2024-12-09 18:19:43.408,1189,send
2024-12-09 18:19:43.603,1189,returned
2024-12-09 18:19:43.618,1189,send
2024-12-09 18:19:43.844,1189,returned
2024-12-09 18:19:43.861,1189,send
2024-12-09 18:19:44.026,1189,returned
2024-12-09 18:19:44.041,1189,send
2024-12-09 18:19:44.304,1189,returned
2024-12-09 18:19:44.331,1189,send
2024-12-09 18:19:44.485,1189,returned
2024-12-09 18:19:44.500,1189,send
2024-12-09 18:19:44.685,1189,returned
2024-12-09 18:19:44.702,1189,send
2024-12-09 18:19:44.909,1189,returned
2024-12-09 18:19:44.925,1189,send
2024-12-09 18:19:45.106,1189,returned
2024-12-09 18:19:45.127,1189,send
2024-12-09 18:19:45.292,1189,returned
2024-12-09 18:19:45.308,1189,send
2024-12-09 18:19:45.499,1189,returned
2024-12-09 18:19:45.509,1189,send
2024-12-09 18:19:45.742,1189,returned
2024-12-09 18:19:45.764,1189,send
2024-12-09 18:19:45.896,1189,returned
2024-12-09 18:19:45.914,1189,send
2024-12-09 18:19:46.118,1189,returned
2024-12-09 18:19:46.140,1189,send
2024-12-09 18:19:46.302,1189,returned
2024-12-09 18:19:46.311,1189,send
2024-12-09 18:19:46.462,1189,returned
2024-12-09 18:19:46.472,1189,send
2024-12-09 18:19:46.648,1189,returned
2024-12-09 18:19:46.663,1189,send
2024-12-09 18:19:46.859,1189,returned
2024-12-09 18:19:46.878,1189,send
2024-12-09 18:19:47.096,1189,returned
2024-12-09 18:19:47.111,1189,send
2024-12-09 18:19:47.315,1189,returned
2024-12-09 18:19:47.332,1189,send
2024-12-09 18:19:47.529,1189,returned
2024-12-09 18:19:47.543,1189,send
2024-12-09 18:19:47.726,1189,returned
2024-12-09 18:19:47.750,1189,send
2024-12-09 18:19:47.924,1189,returned
2024-12-09 18:19:47.936,1189,send
2024-12-09 18:19:48.145,1189,returned
2024-12-09 18:19:48.167,1189,send
2024-12-09 18:19:48.323,1189,returned
2024-12-09 18:19:48.336,1189,send
2024-12-09 18:19:48.505,1189,returned
2024-12-09 18:19:48.529,1189,send
2024-12-09 18:19:48.635,1189,returned
2024-12-09 18:19:48.645,1189,send
2024-12-09 18:19:48.794,1189,returned
2024-12-09 18:19:48.814,1189,send
2024-12-09 18:19:48.984,1189,returned
2024-12-09 18:19:49.006,1189,send
2024-12-09 18:19:49.175,1189,returned
2024-12-09 18:19:49.191,1189,send
2024-12-09 18:19:49.355,1189,returned
2024-12-09 18:19:49.367,1189,send
2024-12-09 18:19:49.543,1189,returned
2024-12-09 18:19:49.557,1189,send
2024-12-09 18:19:49.721,1189,returned
2024-12-09 18:19:49.736,1189,send
2024-12-09 18:19:49.903,1189,returned
2024-12-09 18:19:49.927,1189,send
2024-12-09 18:19:50.113,1189,returned
2024-12-09 18:19:50.129,1189,send
2024-12-09 18:19:50.304,1189,returned
2024-12-09 18:19:50.322,1189,send
2024-12-09 18:19:50.544,1189,returned
2024-12-09 18:19:50.558,1189,send
2024-12-09 18:19:50.686,1189,returned
2024-12-09 18:19:50.695,1189,send
2024-12-09 18:19:50.881,1189,returned
2024-12-09 18:19:50.899,1189,send
2024-12-09 18:19:51.057,1189,returned
2024-12-09 18:19:51.077,1189,send
2024-12-09 18:19:51.249,1189,returned
2024-12-09 18:19:51.268,1189,send
2024-12-09 18:19:51.501,1189,returned
2024-12-09 18:19:51.520,1189,send
2024-12-09 18:19:51.664,1189,returned
2024-12-09 18:19:51.684,1189,send
2024-12-09 18:19:51.884,1189,returned
2024-12-09 18:19:51.894,1189,send
2024-12-09 18:19:52.078,1189,returned
2024-12-09 18:19:52.097,1189,send
2024-12-09 18:19:52.290,1189,returned
2024-12-09 18:19:52.303,1189,send
2024-12-09 18:19:52.472,1189,returned
2024-12-09 18:19:52.497,1189,send
2024-12-09 18:19:52.651,1189,returned
2024-12-09 18:19:52.666,1189,send
2024-12-09 18:19:52.851,1189,returned
2024-12-09 18:19:52.867,1189,send
2024-12-09 18:19:53.049,1189,returned
2024-12-09 18:19:53.070,1189,send
2024-12-09 18:19:53.261,1189,returned
2024-12-09 18:19:53.281,1189,send
2024-12-09 18:19:53.431,1189,returned
2024-12-09 18:19:53.441,1189,send
2024-12-09 18:19:53.598,1189,returned
2024-12-09 18:19:53.613,1189,send
2024-12-09 18:19:53.751,1189,returned
2024-12-09 18:19:53.769,1189,send
2024-12-09 18:19:53.959,1189,returned
2024-12-09 18:19:53.976,1189,send
2024-12-09 18:19:54.150,1189,returned
2024-12-09 18:19:54.174,1189,send
2024-12-09 18:19:54.444,1189,returned
2024-12-09 18:19:54.463,1189,send
2024-12-09 18:19:54.681,1189,returned
2024-12-09 18:19:54.697,1189,send
2024-12-09 18:19:54.900,1189,returned
2024-12-09 18:19:54.920,1189,send
2024-12-09 18:19:55.052,1189,returned
2024-12-09 18:19:55.067,1189,send
2024-12-09 18:19:55.245,1189,returned
2024-12-09 18:19:55.261,1189,send
2024-12-09 18:19:55.415,1189,returned
2024-12-09 18:19:55.427,1189,send
2024-12-09 18:19:55.586,1189,returned
2024-12-09 18:19:55.590,1189,send
2024-12-09 18:19:55.837,1189,returned
2024-12-09 18:19:55.853,1189,send
2024-12-09 18:19:56.007,1189,returned
2024-12-09 18:19:56.019,1189,send
2024-12-09 18:19:56.216,1189,returned
2024-12-09 18:19:56.224,1189,send
2024-12-09 18:19:56.401,1189,returned
2024-12-09 18:19:56.411,1189,send
2024-12-09 18:19:56.658,1189,returned
2024-12-09 18:19:56.672,1189,send
2024-12-09 18:19:56.875,1189,returned
2024-12-09 18:19:56.897,1189,send
2024-12-09 18:19:57.084,1189,returned
2024-12-09 18:19:57.099,1189,send
2024-12-09 18:19:57.244,1189,returned
2024-12-09 18:19:57.266,1189,send
2024-12-09 18:19:57.424,1189,returned
2024-12-09 18:19:57.440,1189,send
2024-12-09 18:19:57.646,1189,returned
2024-12-09 18:19:57.661,1189,send
2024-12-09 18:19:57.841,1189,returned
2024-12-09 18:19:57.857,1189,send
2024-12-09 18:19:58.050,1189,returned
2024-12-09 18:19:58.063,1189,send
2024-12-09 18:19:58.236,1189,returned
2024-12-09 18:19:58.257,1189,send
2024-12-09 18:19:58.447,1189,returned
2024-12-09 18:19:58.460,1189,send
2024-12-09 18:19:58.660,1189,returned
2024-12-09 18:19:58.674,1189,send
2024-12-09 18:19:58.841,1189,returned
2024-12-09 18:19:58.855,1189,send
2024-12-09 18:19:59.051,1189,returned
2024-12-09 18:19:59.070,1189,send
2024-12-09 18:19:59.244,1189,returned
2024-12-09 18:19:59.259,1189,send
2024-12-09 18:19:59.465,1189,returned
2024-12-09 18:19:59.479,1189,send
2024-12-09 18:19:59.641,1189,returned
2024-12-09 18:19:59.655,1189,send
2024-12-09 18:19:59.903,1189,returned
2024-12-09 18:19:59.918,1189,send
2024-12-09 18:20:00.120,1189,returned
2024-12-09 18:20:00.128,1189,send
2024-12-09 18:20:00.350,1189,returned
2024-12-09 18:20:00.375,1189,send
2024-12-09 18:20:00.588,1189,returned
2024-12-09 18:20:00.599,1189,send
2024-12-09 18:20:00.801,1189,returned
2024-12-09 18:20:00.809,1189,send
2024-12-09 18:20:01.019,1189,returned
2024-12-09 18:20:01.033,1189,send
2024-12-09 18:20:01.220,1189,returned
2024-12-09 18:20:01.237,1189,send
2024-12-09 18:20:01.395,1189,returned
2024-12-09 18:20:01.408,1189,send
2024-12-09 18:20:01.604,1189,returned
2024-12-09 18:20:01.617,1189,send
2024-12-09 18:20:01.775,1189,returned
2024-12-09 18:20:01.786,1189,send
2024-12-09 18:20:01.987,1189,returned
2024-12-09 18:20:02.007,1189,send
2024-12-09 18:20:02.189,1189,returned
2024-12-09 18:20:02.197,1189,send
2024-12-09 18:20:02.354,1189,returned
2024-12-09 18:20:02.372,1189,send
2024-12-09 18:20:02.534,1189,returned
2024-12-09 18:20:02.555,1189,send
2024-12-09 18:20:02.721,1189,returned
2024-12-09 18:20:02.744,1189,send
2024-12-09 18:20:02.898,1189,returned
2024-12-09 18:20:02.915,1189,send
2024-12-09 18:20:03.073,1189,returned
2024-12-09 18:20:03.093,1189,send
2024-12-09 18:20:03.265,1189,returned
2024-12-09 18:20:03.280,1189,send
2024-12-09 18:20:03.470,1189,returned
2024-12-09 18:20:03.489,1189,send
2024-12-09 18:20:03.663,1189,returned
2024-12-09 18:20:03.678,1189,send
2024-12-09 18:20:03.852,1189,returned
2024-12-09 18:20:03.870,1189,send
2024-12-09 18:20:04.022,1189,returned
2024-12-09 18:20:04.030,1189,send
2024-12-09 18:20:04.188,1189,returned
2024-12-09 18:20:04.206,1189,send
2024-12-09 18:20:04.384,1189,returned
2024-12-09 18:20:04.397,1189,send
2024-12-09 18:20:04.568,1189,returned
2024-12-09 18:20:04.584,1189,send
2024-12-09 18:20:04.764,1189,returned
2024-12-09 18:20:04.778,1189,send
2024-12-09 18:20:04.944,1189,returned
2024-12-09 18:20:04.953,1189,send
2024-12-09 18:20:05.123,1189,returned
2024-12-09 18:20:05.132,1189,send
2024-12-09 18:20:05.305,1189,returned
2024-12-09 18:20:05.322,1189,send
2024-12-09 18:20:05.506,1189,returned
2024-12-09 18:20:05.523,1189,send
2024-12-09 18:20:05.664,1189,returned
2024-12-09 18:20:05.680,1189,send
2024-12-09 18:20:05.826,1189,returned
2024-12-09 18:20:05.842,1189,send
2024-12-09 18:20:05.995,1189,returned
2024-12-09 18:20:06.009,1189,send
2024-12-09 18:20:06.184,1189,returned
2024-12-09 18:20:06.204,1189,send
2024-12-09 18:20:06.359,1189,returned
2024-12-09 18:20:06.381,1189,send
2024-12-09 18:20:06.520,1189,returned
2024-12-09 18:20:06.536,1189,send
2024-12-09 18:20:06.716,1189,returned
2024-12-09 18:20:06.731,1189,send
2024-12-09 18:20:06.888,1189,returned
2024-12-09 18:20:06.904,1189,send
2024-12-09 18:20:07.069,1189,returned
2024-12-09 18:20:07.084,1189,send
2024-12-09 18:20:07.223,1189,returned
2024-12-09 18:20:07.236,1189,send
2024-12-09 18:20:07.408,1189,returned
2024-12-09 18:20:07.415,1189,send
2024-12-09 18:20:07.570,1189,returned
2024-12-09 18:20:07.587,1189,send
2024-12-09 18:20:07.773,1189,returned
2024-12-09 18:20:07.781,1189,send
2024-12-09 18:20:07.958,1189,returned
2024-12-09 18:20:07.972,1189,send
2024-12-09 18:20:08.151,1189,returned
2024-12-09 18:20:08.167,1189,send
2024-12-09 18:20:08.347,1189,returned
2024-12-09 18:20:08.357,1189,send
2024-12-09 18:20:08.535,1189,returned
2024-12-09 18:20:08.549,1189,send
2024-12-09 18:20:08.679,1189,returned
2024-12-09 18:20:08.693,1189,send
2024-12-09 18:20:08.881,1189,returned
2024-12-09 18:20:08.897,1189,send
2024-12-09 18:20:09.079,1189,returned
2024-12-09 18:20:09.091,1189,send
2024-12-09 18:20:09.247,1189,returned
2024-12-09 18:20:09.264,1189,send
2024-12-09 18:20:09.406,1189,returned
2024-12-09 18:20:09.423,1189,send
2024-12-09 18:20:09.595,1189,returned
2024-12-09 18:20:09.610,1189,send
2024-12-09 18:20:09.785,1189,returned
2024-12-09 18:20:09.800,1189,send
2024-12-09 18:20:09.963,1189,returned
2024-12-09 18:20:09.981,1189,send
2024-12-09 18:20:10.152,1189,returned
2024-12-09 18:20:10.171,1189,send
2024-12-09 18:20:10.341,1189,returned
2024-12-09 18:20:10.357,1189,send
2024-12-09 18:20:10.502,1189,returned
2024-12-09 18:20:10.518,1189,send
2024-12-09 18:20:10.663,1189,returned
2024-12-09 18:20:10.680,1189,send
2024-12-09 18:20:10.842,1189,returned
2024-12-09 18:20:10.856,1189,send
2024-12-09 18:20:11.014,1189,returned
2024-12-09 18:20:11.030,1189,send
2024-12-09 18:20:11.181,1189,returned
2024-12-09 18:20:11.189,1189,send
2024-12-09 18:20:11.367,1189,returned
2024-12-09 18:20:11.388,1189,send
2024-12-09 18:20:11.542,1189,returned
2024-12-09 18:20:11.566,1189,send
2024-12-09 18:20:11.727,1189,returned
2024-12-09 18:20:11.742,1189,send
2024-12-09 18:20:11.916,1189,returned
2024-12-09 18:20:11.932,1189,send
2024-12-09 18:20:12.094,1189,returned
2024-12-09 18:20:12.113,1189,send
2024-12-09 18:20:12.284,1189,returned
2024-12-09 18:20:12.299,1189,send
2024-12-09 18:20:12.445,1189,returned
2024-12-09 18:20:12.459,1189,send
2024-12-09 18:20:12.619,1189,returned
2024-12-09 18:20:12.640,1189,send
2024-12-09 18:20:12.801,1189,returned
2024-12-09 18:20:12.811,1189,send
2024-12-09 18:20:12.974,1189,returned
2024-12-09 18:20:12.992,1189,send
2024-12-09 18:20:13.136,1189,returned
2024-12-09 18:20:13.150,1189,send
2024-12-09 18:20:13.325,1189,returned
2024-12-09 18:20:13.337,1189,send
2024-12-09 18:20:13.511,1189,returned
2024-12-09 18:20:13.530,1189,send
2024-12-09 18:20:13.691,1189,returned
2024-12-09 18:20:13.704,1189,send
2024-12-09 18:20:13.876,1189,returned
2024-12-09 18:20:13.886,1189,send
2024-12-09 18:20:14.059,1189,returned
2024-12-09 18:20:14.075,1189,send
2024-12-09 18:20:14.238,1189,returned
2024-12-09 18:20:14.254,1189,send
2024-12-09 18:20:14.402,1189,returned
2024-12-09 18:20:14.419,1189,send
2024-12-09 18:20:14.577,1189,returned
2024-12-09 18:20:14.593,1189,send
2024-12-09 18:20:14.751,1189,returned
2024-12-09 18:20:14.765,1189,send
2024-12-09 18:20:14.941,1189,returned
2024-12-09 18:20:14.956,1189,send
2024-12-09 18:20:15.133,1189,returned
2024-12-09 18:20:15.146,1189,send
2024-12-09 18:20:15.327,1189,returned
2024-12-09 18:20:15.346,1189,send
2024-12-09 18:20:15.497,1189,returned
2024-12-09 18:20:15.514,1189,send
2024-12-09 18:20:15.645,1189,returned
2024-12-09 18:20:15.662,1189,send
2024-12-09 18:20:15.847,1189,returned
2024-12-09 18:20:15.857,1189,send
2024-12-09 18:20:16.028,1189,returned
2024-12-09 18:20:16.038,1189,send
2024-12-09 18:20:16.213,1189,returned
2024-12-09 18:20:16.223,1189,send
2024-12-09 18:20:16.396,1189,returned
2024-12-09 18:20:16.412,1189,send
2024-12-09 18:20:16.560,1189,returned
2024-12-09 18:20:16.579,1189,send
2024-12-09 18:20:16.717,1189,returned
2024-12-09 18:20:16.734,1189,send
2024-12-09 18:20:16.892,1189,returned
2024-12-09 18:20:16.907,1189,send
2024-12-09 18:20:17.043,1189,returned
2024-12-09 18:20:17.060,1189,send
2024-12-09 18:20:17.212,1189,returned
2024-12-09 18:20:17.226,1189,send
2024-12-09 18:20:17.375,1189,returned
2024-12-09 18:20:17.394,1189,send
2024-12-09 18:20:17.549,1189,returned
2024-12-09 18:20:17.564,1189,send
2024-12-09 18:20:17.738,1189,returned
2024-12-09 18:20:17.751,1189,send
2024-12-09 18:20:17.910,1189,returned
2024-12-09 18:20:17.938,1189,send
2024-12-09 18:20:18.084,1189,returned
2024-12-09 18:20:18.100,1189,send
2024-12-09 18:20:18.249,1189,returned
2024-12-09 18:20:18.262,1189,send
2024-12-09 18:20:18.437,1189,returned
2024-12-09 18:20:18.449,1189,send
2024-12-09 18:20:18.594,1189,returned
2024-12-09 18:20:18.614,1189,send
2024-12-09 18:20:18.771,1189,returned
2024-12-09 18:20:18.789,1189,send
2024-12-09 18:20:18.968,1189,returned
2024-12-09 18:20:18.981,1189,send
2024-12-09 18:20:19.127,1189,returned
2024-12-09 18:20:19.140,1189,send
2024-12-09 18:20:19.330,1189,returned
2024-12-09 18:20:19.346,1189,send
2024-12-09 18:20:19.524,1189,returned
2024-12-09 18:20:19.539,1189,send
2024-12-09 18:20:19.666,1189,returned
2024-12-09 18:20:19.680,1189,send
2024-12-09 18:20:19.853,1189,returned
2024-12-09 18:20:19.869,1189,send
2024-12-09 18:20:20.067,1189,returned
2024-12-09 18:20:20.074,1189,send
2024-12-09 18:20:20.245,1189,returned
2024-12-09 18:20:20.257,1189,send
2024-12-09 18:20:20.404,1189,returned
2024-12-09 18:20:20.419,1189,send
2024-12-09 18:20:20.584,1189,returned
2024-12-09 18:20:20.596,1189,send
2024-12-09 18:20:20.739,1189,returned
2024-12-09 18:20:20.756,1189,send
2024-12-09 18:20:20.908,1189,returned
2024-12-09 18:20:20.927,1189,send
2024-12-09 18:20:21.077,1189,returned
2024-12-09 18:20:21.093,1189,send
2024-12-09 18:20:21.271,1189,returned
2024-12-09 18:20:21.285,1189,send
2024-12-09 18:20:21.466,1189,returned
2024-12-09 18:20:21.483,1189,send
2024-12-09 18:20:21.660,1189,returned
2024-12-09 18:20:21.675,1189,send
2024-12-09 18:20:21.839,1189,returned
2024-12-09 18:20:21.856,1189,send
2024-12-09 18:20:22.004,1189,returned
2024-12-09 18:20:22.013,1189,send
2024-12-09 18:20:22.190,1189,returned
2024-12-09 18:20:22.207,1189,send
2024-12-09 18:20:22.371,1189,returned
2024-12-09 18:20:22.393,1189,send
2024-12-09 18:20:22.602,1189,returned
2024-12-09 18:20:22.622,1189,send
2024-12-09 18:20:22.794,1189,returned
2024-12-09 18:20:22.811,1189,send
2024-12-09 18:20:23.026,1189,returned
2024-12-09 18:20:23.036,1189,send
2024-12-09 18:20:23.223,1189,returned
2024-12-09 18:20:23.247,1189,send
2024-12-09 18:20:23.428,1189,returned
2024-12-09 18:20:23.444,1189,send
2024-12-09 18:20:23.601,1189,returned
2024-12-09 18:20:23.613,1189,send
2024-12-09 18:20:23.797,1189,returned
2024-12-09 18:20:23.814,1189,send
2024-12-09 18:20:23.984,1189,returned
2024-12-09 18:20:24.006,1189,send
2024-12-09 18:20:24.175,1189,returned
2024-12-09 18:20:24.187,1189,send
2024-12-09 18:20:24.401,1189,returned
2024-12-09 18:20:24.422,1189,send
2024-12-09 18:20:24.557,1189,returned
2024-12-09 18:20:24.571,1189,send
2024-12-09 18:20:24.774,1189,returned
2024-12-09 18:20:24.804,1189,send
2024-12-09 18:20:24.993,1189,returned
2024-12-09 18:20:25.004,1189,send
2024-12-09 18:20:25.185,1189,returned
2024-12-09 18:20:25.197,1189,send
2024-12-09 18:20:25.417,1189,returned
2024-12-09 18:20:25.423,1189,send
2024-12-09 18:20:25.574,1189,returned
2024-12-09 18:20:25.590,1189,send
2024-12-09 18:20:25.801,1189,returned
2024-12-09 18:20:25.815,1189,send
2024-12-09 18:20:25.994,1189,returned
2024-12-09 18:20:26.001,1189,send
2024-12-09 18:20:26.195,1189,returned
2024-12-09 18:20:26.216,1189,send
2024-12-09 18:20:26.405,1189,returned
2024-12-09 18:20:26.420,1189,send
2024-12-09 18:20:26.629,1189,returned
2024-12-09 18:20:26.648,1189,send
2024-12-09 18:20:26.787,1189,returned
2024-12-09 18:20:26.802,1189,send
2024-12-09 18:20:27.118,1189,returned
2024-12-09 18:20:27.127,1189,send
2024-12-09 18:20:27.340,1189,returned
2024-12-09 18:20:27.360,1189,send
2024-12-09 18:20:27.599,1189,returned
2024-12-09 18:20:27.620,1189,send
2024-12-09 18:20:27.808,1189,returned
2024-12-09 18:20:27.830,1189,send
2024-12-09 18:20:28.076,1189,returned
2024-12-09 18:20:28.093,1189,send
2024-12-09 18:20:28.368,1189,returned
2024-12-09 18:20:28.382,1189,send
2024-12-09 18:20:28.599,1189,returned
2024-12-09 18:20:28.628,1189,send
2024-12-09 18:20:28.807,1189,returned
2024-12-09 18:20:28.822,1189,send
2024-12-09 18:20:29.082,1189,returned
2024-12-09 18:20:29.104,1189,send
2024-12-09 18:20:29.358,1189,returned
2024-12-09 18:20:29.380,1189,send
2024-12-09 18:20:29.642,1189,returned
2024-12-09 18:20:29.666,1189,send
2024-12-09 18:20:29.906,1189,returned
2024-12-09 18:20:29.917,1189,send
2024-12-09 18:20:30.162,1189,returned
2024-12-09 18:20:30.180,1189,send
2024-12-09 18:20:30.354,1189,returned
2024-12-09 18:20:30.375,1189,send
2024-12-09 18:20:30.561,1189,returned
2024-12-09 18:20:30.576,1189,send
2024-12-09 18:20:30.743,1189,returned
2024-12-09 18:20:30.760,1189,send
2024-12-09 18:20:30.948,1189,returned
2024-12-09 18:20:30.961,1189,send
2024-12-09 18:20:31.160,1189,returned
2024-12-09 18:20:31.177,1189,send
2024-12-09 18:20:31.387,1189,returned
2024-12-09 18:20:31.404,1189,send
2024-12-09 18:20:31.595,1189,returned
2024-12-09 18:20:31.611,1189,send
2024-12-09 18:20:31.805,1189,returned
2024-12-09 18:20:31.821,1189,send
2024-12-09 18:20:32.026,1189,returned
2024-12-09 18:20:32.043,1189,send
2024-12-09 18:20:32.238,1189,returned
2024-12-09 18:20:32.259,1189,send
2024-12-09 18:20:32.461,1189,returned
2024-12-09 18:20:32.477,1189,send
2024-12-09 18:20:32.655,1189,returned
2024-12-09 18:20:32.668,1189,send
2024-12-09 18:20:32.863,1189,returned
2024-12-09 18:20:32.874,1189,send
2024-12-09 18:20:33.036,1189,returned
2024-12-09 18:20:33.051,1189,send
2024-12-09 18:20:33.233,1189,returned
2024-12-09 18:20:33.247,1189,send
2024-12-09 18:20:33.442,1189,returned
2024-12-09 18:20:33.456,1189,send
2024-12-09 18:20:33.600,1189,returned
2024-12-09 18:20:33.615,1189,send
2024-12-09 18:20:33.785,1189,returned
2024-12-09 18:20:33.802,1189,send
2024-12-09 18:20:34.013,1189,returned
2024-12-09 18:20:34.021,1189,send
2024-12-09 18:20:34.203,1189,returned
2024-12-09 18:20:34.222,1189,send
2024-12-09 18:20:34.418,1189,returned
2024-12-09 18:20:34.437,1189,send
2024-12-09 18:20:34.641,1189,returned
2024-12-09 18:20:34.650,1189,send
2024-12-09 18:20:34.878,1189,returned
2024-12-09 18:20:34.893,1189,send
2024-12-09 18:20:35.052,1189,returned
2024-12-09 18:20:35.068,1189,send
2024-12-09 18:20:35.306,1189,returned
2024-12-09 18:20:35.323,1189,send
2024-12-09 18:20:35.506,1189,returned
2024-12-09 18:20:35.523,1189,send
2024-12-09 18:20:35.671,1189,returned
2024-12-09 18:20:35.688,1189,send
2024-12-09 18:20:35.897,1189,returned
2024-12-09 18:20:35.909,1189,send
2024-12-09 18:20:36.110,1189,returned
2024-12-09 18:20:36.120,1189,send
2024-12-09 18:20:36.334,1189,returned
2024-12-09 18:20:36.352,1189,send
2024-12-09 18:20:36.537,1189,returned
2024-12-09 18:20:36.555,1189,send
2024-12-09 18:20:36.764,1189,returned
2024-12-09 18:20:36.786,1189,send
2024-12-09 18:20:36.955,1189,returned
2024-12-09 18:20:36.968,1189,send
2024-12-09 18:20:37.179,1189,returned
2024-12-09 18:20:37.193,1189,send
2024-12-09 18:20:37.388,1189,returned
2024-12-09 18:20:37.404,1189,send
2024-12-09 18:20:37.597,1189,returned
2024-12-09 18:20:37.615,1189,send
2024-12-09 18:20:37.794,1189,returned
2024-12-09 18:20:37.811,1189,send
2024-12-09 18:20:37.971,1189,returned
2024-12-09 18:20:37.987,1189,send
2024-12-09 18:20:38.152,1189,returned
2024-12-09 18:20:38.174,1189,send
2024-12-09 18:20:38.373,1189,returned
2024-12-09 18:20:38.395,1189,send
2024-12-09 18:20:38.571,1189,returned
2024-12-09 18:20:38.582,1189,send
2024-12-09 18:20:38.791,1189,returned
2024-12-09 18:20:38.810,1189,send
2024-12-09 18:20:38.981,1189,returned
2024-12-09 18:20:38.998,1189,send
2024-12-09 18:20:39.194,1189,returned
2024-12-09 18:20:39.212,1189,send
2024-12-09 18:20:39.399,1189,returned
2024-12-09 18:20:39.415,1189,send
2024-12-09 18:20:39.601,1189,returned
2024-12-09 18:20:39.609,1189,send
2024-12-09 18:20:39.802,1189,returned
2024-12-09 18:20:39.820,1189,send
2024-12-09 18:20:40.019,1189,returned
2024-12-09 18:20:40.031,1189,send
2024-12-09 18:20:40.205,1189,returned
2024-12-09 18:20:40.225,1189,send
2024-12-09 18:20:40.382,1189,returned
2024-12-09 18:20:40.400,1189,send
2024-12-09 18:20:40.573,1189,returned
2024-12-09 18:20:40.597,1189,send
2024-12-09 18:20:40.800,1189,returned
2024-12-09 18:20:40.809,1189,send
2024-12-09 18:20:41.048,1189,returned
2024-12-09 18:20:41.061,1189,send
2024-12-09 18:20:41.346,1189,returned
2024-12-09 18:20:41.355,1189,send
2024-12-09 18:20:41.562,1189,returned
2024-12-09 18:20:41.571,1189,send
2024-12-09 18:20:41.784,1189,returned
2024-12-09 18:20:41.796,1189,send
2024-12-09 18:20:42.028,1189,returned
2024-12-09 18:20:42.043,1189,send
2024-12-09 18:20:42.215,1189,returned
2024-12-09 18:20:42.244,1189,send
2024-12-09 18:20:42.405,1189,returned
2024-12-09 18:20:42.413,1189,send
2024-12-09 18:20:42.669,1189,returned
2024-12-09 18:20:42.680,1189,send
2024-12-09 18:20:42.923,1189,returned
2024-12-09 18:20:42.948,1189,send
2024-12-09 18:20:43.111,1189,returned
2024-12-09 18:20:43.119,1189,send
2024-12-09 18:20:43.290,1189,returned
2024-12-09 18:20:43.297,1189,send
2024-12-09 18:20:43.484,1189,returned
2024-12-09 18:20:43.502,1189,send
2024-12-09 18:20:43.679,1189,returned
2024-12-09 18:20:43.696,1189,send
2024-12-09 18:20:43.858,1189,returned
2024-12-09 18:20:43.873,1189,send
2024-12-09 18:20:44.070,1189,returned
2024-12-09 18:20:44.086,1189,send
2024-12-09 18:20:44.287,1189,returned
2024-12-09 18:20:44.297,1189,send
2024-12-09 18:20:44.522,1189,returned
2024-12-09 18:20:44.536,1189,send
2024-12-09 18:20:44.706,1189,returned
2024-12-09 18:20:44.716,1189,send
2024-12-09 18:20:44.875,1189,returned
2024-12-09 18:20:44.890,1189,send
2024-12-09 18:20:45.079,1189,returned
2024-12-09 18:20:45.086,1189,send
2024-12-09 18:20:45.256,1189,returned
2024-12-09 18:20:45.266,1189,send
2024-12-09 18:20:45.407,1189,returned
2024-12-09 18:20:45.424,1189,send
2024-12-09 18:20:45.615,1189,returned
2024-12-09 18:20:45.633,1189,send
2024-12-09 18:20:45.765,1189,returned
2024-12-09 18:20:45.787,1189,send
2024-12-09 18:20:45.989,1189,returned
2024-12-09 18:20:46.001,1189,send
2024-12-09 18:20:46.178,1189,returned
2024-12-09 18:20:46.197,1189,send
2024-12-09 18:20:46.379,1189,returned
2024-12-09 18:20:46.392,1189,send
2024-12-09 18:20:46.573,1189,returned
2024-12-09 18:20:46.586,1189,send
2024-12-09 18:20:46.783,1189,returned
2024-12-09 18:20:46.795,1189,send
2024-12-09 18:20:46.958,1189,returned
2024-12-09 18:20:46.971,1189,send
2024-12-09 18:20:47.164,1189,returned
2024-12-09 18:20:47.185,1189,send
2024-12-09 18:20:47.363,1189,returned
2024-12-09 18:20:47.376,1189,send
2024-12-09 18:20:47.541,1189,returned
2024-12-09 18:20:47.548,1189,send
2024-12-09 18:20:47.747,1189,returned
2024-12-09 18:20:47.755,1189,send
2024-12-09 18:20:47.924,1189,returned
2024-12-09 18:20:47.943,1189,send
2024-12-09 18:20:48.110,1189,returned
2024-12-09 18:20:48.123,1189,send
2024-12-09 18:20:48.262,1189,returned
2024-12-09 18:20:48.280,1189,send
2024-12-09 18:20:48.454,1189,returned
2024-12-09 18:20:48.470,1189,send
2024-12-09 18:20:48.618,1189,returned
2024-12-09 18:20:48.631,1189,send
2024-12-09 18:20:48.805,1189,returned
2024-12-09 18:20:48.821,1189,send
2024-12-09 18:20:48.979,1189,returned
2024-12-09 18:20:48.995,1189,send
2024-12-09 18:20:49.156,1189,returned
2024-12-09 18:20:49.174,1189,send
2024-12-09 18:20:49.336,1189,returned
2024-12-09 18:20:49.354,1189,send
2024-12-09 18:20:49.532,1189,returned
2024-12-09 18:20:49.550,1189,send
2024-12-09 18:20:49.713,1189,returned
2024-12-09 18:20:49.725,1189,send
2024-12-09 18:20:49.888,1189,returned
2024-12-09 18:20:49.903,1189,send
2024-12-09 18:20:50.097,1189,returned
2024-12-09 18:20:50.112,1189,send
2024-12-09 18:20:50.273,1189,returned
2024-12-09 18:20:50.289,1189,send
2024-12-09 18:20:50.447,1189,returned
2024-12-09 18:20:50.467,1189,send
2024-12-09 18:20:50.610,1189,returned
2024-12-09 18:20:50.620,1189,send
2024-12-09 18:20:50.783,1189,returned
2024-12-09 18:20:50.800,1189,send
2024-12-09 18:20:50.963,1189,returned
2024-12-09 18:20:50.982,1189,send
2024-12-09 18:20:51.151,1189,returned
2024-12-09 18:20:51.169,1189,send
2024-12-09 18:20:51.343,1189,returned
2024-12-09 18:20:51.359,1189,send
2024-12-09 18:20:51.533,1189,returned
2024-12-09 18:20:51.550,1189,send
2024-12-09 18:20:51.729,1189,returned
2024-12-09 18:20:51.741,1189,send
2024-12-09 18:20:51.898,1189,returned
2024-12-09 18:20:51.914,1189,send
2024-12-09 18:20:52.072,1189,returned
2024-12-09 18:20:52.088,1189,send
2024-12-09 18:20:52.278,1189,returned
2024-12-09 18:20:52.295,1189,send
2024-12-09 18:20:52.452,1189,returned
2024-12-09 18:20:52.468,1189,send
2024-12-09 18:20:52.632,1189,returned
2024-12-09 18:20:52.646,1189,send
2024-12-09 18:20:52.761,1189,returned
2024-12-09 18:20:52.774,1189,send
2024-12-09 18:20:52.939,1189,returned
2024-12-09 18:20:52.957,1189,send
2024-12-09 18:20:53.127,1189,returned
2024-12-09 18:20:53.144,1189,send
2024-12-09 18:20:53.285,1189,returned
2024-12-09 18:20:53.289,1189,send
2024-12-09 18:20:53.437,1189,returned
2024-12-09 18:20:53.450,1189,send
2024-12-09 18:20:53.601,1189,returned
2024-12-09 18:20:53.622,1189,send
2024-12-09 18:20:53.761,1189,returned
2024-12-09 18:20:53.782,1189,send
2024-12-09 18:20:53.941,1189,returned
2024-12-09 18:20:53.957,1189,send
2024-12-09 18:20:54.133,1189,returned
2024-12-09 18:20:54.147,1189,send
2024-12-09 18:20:54.280,1189,returned
2024-12-09 18:20:54.299,1189,send
2024-12-09 18:20:54.451,1189,returned
2024-12-09 18:20:54.467,1189,send
2024-12-09 18:20:54.629,1189,returned
2024-12-09 18:20:54.651,1189,send
2024-12-09 18:20:54.830,1189,returned
2024-12-09 18:20:54.847,1189,send
2024-12-09 18:20:55.017,1189,returned
2024-12-09 18:20:55.031,1189,send
2024-12-09 18:20:55.158,1189,returned
2024-12-09 18:20:55.175,1189,send
2024-12-09 18:20:55.333,1189,returned
2024-12-09 18:20:55.349,1189,send
2024-12-09 18:20:55.509,1189,returned
2024-12-09 18:20:55.525,1189,send
2024-12-09 18:20:55.693,1189,returned
2024-12-09 18:20:55.713,1189,send
2024-12-09 18:20:55.864,1189,returned
2024-12-09 18:20:55.881,1189,send
2024-12-09 18:20:56.051,1189,returned
2024-12-09 18:20:56.064,1189,send
2024-12-09 18:20:56.219,1189,returned
2024-12-09 18:20:56.238,1189,send
2024-12-09 18:20:56.399,1189,returned
2024-12-09 18:20:56.408,1189,send
2024-12-09 18:20:56.573,1189,returned
2024-12-09 18:20:56.589,1189,send
2024-12-09 18:20:56.785,1189,returned
2024-12-09 18:20:56.800,1189,send
2024-12-09 18:20:56.976,1189,returned
2024-12-09 18:20:56.979,1189,send
2024-12-09 18:20:57.137,1189,returned
2024-12-09 18:20:57.153,1189,send
2024-12-09 18:20:57.314,1189,returned
2024-12-09 18:20:57.320,1189,send
2024-12-09 18:20:57.492,1189,returned
2024-12-09 18:20:57.506,1189,send
2024-12-09 18:20:57.684,1189,returned
2024-12-09 18:20:57.699,1189,send
2024-12-09 18:20:57.864,1189,returned
2024-12-09 18:20:57.877,1189,send
2024-12-09 18:20:58.057,1189,returned
2024-12-09 18:20:58.081,1189,send
2024-12-09 18:20:58.232,1189,returned
2024-12-09 18:20:58.253,1189,send
2024-12-09 18:20:58.421,1189,returned
2024-12-09 18:20:58.438,1189,send
2024-12-09 18:20:58.597,1189,returned
2024-12-09 18:20:58.613,1189,send
2024-12-09 18:20:58.755,1189,returned
2024-12-09 18:20:58.773,1189,send
2024-12-09 18:20:58.952,1189,returned
2024-12-09 18:20:58.964,1189,send
2024-12-09 18:20:59.158,1189,returned
2024-12-09 18:20:59.174,1189,send
2024-12-09 18:20:59.309,1189,returned
2024-12-09 18:20:59.328,1189,send
2024-12-09 18:20:59.517,1189,returned
2024-12-09 18:20:59.529,1189,send
2024-12-09 18:20:59.694,1189,returned
2024-12-09 18:20:59.706,1189,send
2024-12-09 18:20:59.867,1189,returned
2024-12-09 18:20:59.882,1189,send
2024-12-09 18:20:59.997,1189,returned
2024-12-09 18:21:00.015,1189,send
2024-12-09 18:21:00.180,1189,returned
2024-12-09 18:21:00.197,1189,send
2024-12-09 18:21:00.344,1189,returned
2024-12-09 18:21:00.362,1189,send
2024-12-09 18:21:00.538,1189,returned
2024-12-09 18:21:00.558,1189,send
2024-12-09 18:21:00.729,1189,returned
2024-12-09 18:21:00.747,1189,send
2024-12-09 18:21:00.939,1189,returned
2024-12-09 18:21:00.954,1189,send
2024-12-09 18:21:01.132,1189,returned
2024-12-09 18:21:01.147,1189,send
2024-12-09 18:21:01.329,1189,returned
2024-12-09 18:21:01.552,1189,send
2024-12-09 18:21:01.659,1189,returned
2024-12-09 18:21:01.677,1189,send
2024-12-09 18:21:01.795,1189,returned
2024-12-09 18:21:01.809,1189,send
2024-12-09 18:21:01.959,1189,returned
2024-12-09 18:21:01.977,1189,send
2024-12-09 18:21:02.111,1189,returned
2024-12-09 18:21:02.126,1189,send
2024-12-09 18:21:02.254,1189,returned
2024-12-09 18:21:02.269,1189,send
2024-12-09 18:21:02.435,1189,returned
2024-12-09 18:21:02.448,1189,send
2024-12-09 18:21:02.612,1189,returned
2024-12-09 18:21:02.626,1189,send
2024-12-09 18:21:02.768,1189,returned
2024-12-09 18:21:02.785,1189,send
2024-12-09 18:21:02.944,1189,returned
2024-12-09 18:21:02.959,1189,send
2024-12-09 18:21:03.120,1189,returned
2024-12-09 18:21:03.142,1189,send
2024-12-09 18:21:03.309,1189,returned
2024-12-09 18:21:03.324,1189,send
2024-12-09 18:21:03.498,1189,returned
2024-12-09 18:21:03.517,1189,send
2024-12-09 18:21:03.657,1189,returned
2024-12-09 18:21:03.676,1189,send
2024-12-09 18:21:03.853,1189,returned
2024-12-09 18:21:03.874,1189,send
2024-12-09 18:21:04.004,1189,returned
2024-12-09 18:21:04.012,1189,send
2024-12-09 18:21:04.191,1189,returned
2024-12-09 18:21:04.209,1189,send
2024-12-09 18:21:04.393,1189,returned
2024-12-09 18:21:04.412,1189,send
2024-12-09 18:21:04.573,1189,returned
2024-12-09 18:21:04.586,1189,send
2024-12-09 18:21:04.780,1189,returned
2024-12-09 18:21:04.797,1189,send
2024-12-09 18:21:04.948,1189,returned
2024-12-09 18:21:04.964,1189,send
2024-12-09 18:21:05.097,1189,returned
2024-12-09 18:21:05.111,1189,send
2024-12-09 18:21:05.226,1189,returned
2024-12-09 18:21:05.241,1189,send
2024-12-09 18:21:05.413,1189,returned
2024-12-09 18:21:05.431,1189,send
2024-12-09 18:21:05.591,1189,returned
2024-12-09 18:21:05.603,1189,send
2024-12-09 18:21:05.775,1189,returned
2024-12-09 18:21:05.790,1189,send
2024-12-09 18:21:05.966,1189,returned
2024-12-09 18:21:05.983,1189,send
2024-12-09 18:21:06.157,1189,returned
2024-12-09 18:21:06.175,1189,send
2024-12-09 18:21:06.349,1189,returned
2024-12-09 18:21:06.365,1189,send
2024-12-09 18:21:06.541,1189,returned
2024-12-09 18:21:06.553,1189,send
2024-12-09 18:21:06.709,1189,returned
2024-12-09 18:21:06.726,1189,send
2024-12-09 18:21:06.890,1189,returned
2024-12-09 18:21:06.908,1189,send
2024-12-09 18:21:07.072,1189,returned
2024-12-09 18:21:07.083,1189,send
2024-12-09 18:21:07.239,1189,returned
2024-12-09 18:21:07.256,1189,send
2024-12-09 18:21:07.429,1189,returned
2024-12-09 18:21:07.444,1189,send
2024-12-09 18:21:07.619,1189,returned
2024-12-09 18:21:07.637,1189,send
2024-12-09 18:21:07.832,1189,returned
2024-12-09 18:21:07.854,1189,send
2024-12-09 18:21:07.991,1189,returned
2024-12-09 18:21:08.009,1189,send
2024-12-09 18:21:08.136,1189,returned
2024-12-09 18:21:08.151,1189,send
2024-12-09 18:21:08.311,1189,returned
2024-12-09 18:21:08.328,1189,send
2024-12-09 18:21:08.517,1189,returned
2024-12-09 18:21:08.534,1189,send
2024-12-09 18:21:08.728,1189,returned
2024-12-09 18:21:08.747,1189,send
2024-12-09 18:21:08.919,1189,returned
2024-12-09 18:21:08.936,1189,send
2024-12-09 18:21:09.085,1189,returned
